<?xml version="1.0" encoding="UTF-8"?>
<!--
  When updating your version of GWT, you should also update this DTD reference,
  so that your app can take advantage of the latest GWT module capabilities.
-->
<!DOCTYPE module PUBLIC "-//Google Inc.//DTD Google Web Toolkit 2.5.1//EN"
  "http://google-web-toolkit.googlecode.com/svn/tags/2.5.1/distro-source/core/src/gwt-module.dtd">
<module rename-to='gcmobile'>
  <!-- Inherit the core Web Toolkit stuff.                        -->
  <inherits name='com.google.gwt.user.User'/>
  <inherits name="com.googlecode.mgwt.MGWT" />
  <inherits name="com.googlecode.mgwt.linker.Linker" />
  <!-- Inherit the default GWT style sheet.  You can change       -->
  <!-- the theme of your GWT application by uncommenting          -->
  <!-- any one of the following lines.                            -->
<!--   <inherits name='com.google.gwt.user.theme.clean.Clean'/> -->
  <!-- <inherits name='com.google.gwt.user.theme.standard.Standard'/> -->
  <!-- <inherits name='com.google.gwt.user.theme.chrome.Chrome'/> -->
  <!-- <inherits name='com.google.gwt.user.theme.dark.Dark'/>     -->

  <!-- Other module inherits                                      -->
<set-configuration-property name="mgwt.css" value="pretty" />
  <!-- Specify the app entry point class.                         -->
  <entry-point class='org.globalcauseway.gcmobile.client.GCMobile'/>
  
  <add-linker name="permutationmaplinker" />
	
	<extend-configuration-property name="html5manifestlinker_files" value="./" />
	<extend-configuration-property name="html5manifestlinker_files" value="GCMobile.html" />
	<extend-configuration-property name="html5manifestlinker_files" value="logo.png" />
	
	<set-configuration-property name="CssResource.obfuscationPrefix" value="emtpy"/>
	<set-property name="compiler.stackMode" value="strip"/>
	<set-configuration-property name="compiler.enum.obfuscate.names" value="true"/>
	
	<add-linker name="xsiframe"/>

  <!-- Specify the paths for translatable code                    -->
  <source path='client'/>
  <source path='shared'/>

</module>
