<?xml version="1.0" encoding="UTF-8"?><permutation name="0139FDE0AFCDA84191D95A31FCD26E8D">
<variables>
<mobile.user.agent>mobilesafari</mobile.user.agent>
<mgwt.os>android_tablet</mgwt.os>
<user.agent>safari</user.agent>
</variables>
<files>
<file>gcmobile/clear.cache.gif</file>
<file>logo.png</file>
<file>./</file>
<file>gcmobile/gcmobile.nocache.js</file>
<file>gcmobile/compilation-mappings.txt</file>
<file>gcmobile/gcmobile.devmode.js</file>
<file>GCMobile.html</file>
<file>gcmobile/0139FDE0AFCDA84191D95A31FCD26E8D.cache.js</file>
</files>
</permutation>
