<?xml version="1.0" encoding="UTF-8"?><permutation name="08E3E00855C1D20BDD18CBA939645FC5">
<variables>
<mobile.user.agent>mobilesafari</mobile.user.agent>
<mgwt.os>ipad</mgwt.os>
<user.agent>safari</user.agent>
</variables>
<files>
<file>gcmobile/clear.cache.gif</file>
<file>logo.png</file>
<file>./</file>
<file>gcmobile/08E3E00855C1D20BDD18CBA939645FC5.cache.js</file>
<file>gcmobile/gcmobile.nocache.js</file>
<file>gcmobile/compilation-mappings.txt</file>
<file>gcmobile/gcmobile.devmode.js</file>
<file>GCMobile.html</file>
</files>
</permutation>
