<?xml version="1.0" encoding="UTF-8"?><permutation name="0E064459E0857AEDF977601595D48899">
<variables>
<mobile.user.agent>mobilesafari</mobile.user.agent>
<mgwt.os>desktop</mgwt.os>
<user.agent>safari</user.agent>
</variables>
<files>
<file>gcmobile/clear.cache.gif</file>
<file>logo.png</file>
<file>./</file>
<file>gcmobile/gcmobile.nocache.js</file>
<file>gcmobile/0E064459E0857AEDF977601595D48899.cache.js</file>
<file>gcmobile/compilation-mappings.txt</file>
<file>gcmobile/gcmobile.devmode.js</file>
<file>GCMobile.html</file>
</files>
</permutation>
