<?xml version="1.0" encoding="UTF-8"?><permutation name="1874B669C7BF9C0C9019AE6C0F458F75">
<variables>
<mgwt.os>desktop</mgwt.os>
<user.agent>ie8</user.agent>
<mobile.user.agent>not_mobile</mobile.user.agent>
</variables>
<files>
<file>gcmobile/clear.cache.gif</file>
<file>logo.png</file>
<file>gcmobile/1874B669C7BF9C0C9019AE6C0F458F75.cache.js</file>
<file>./</file>
<file>gcmobile/gcmobile.nocache.js</file>
<file>gcmobile/compilation-mappings.txt</file>
<file>gcmobile/gcmobile.devmode.js</file>
<file>GCMobile.html</file>
</files>
</permutation>
