<?xml version="1.0" encoding="UTF-8"?><permutation name="2AA12FF769DD90AF49B37A00EE8FB1BA">
<variables>
<mgwt.os>desktop</mgwt.os>
<user.agent>safari</user.agent>
<mobile.user.agent>not_mobile</mobile.user.agent>
</variables>
<files>
<file>gcmobile/clear.cache.gif</file>
<file>gcmobile/2AA12FF769DD90AF49B37A00EE8FB1BA.cache.js</file>
<file>logo.png</file>
<file>./</file>
<file>gcmobile/gcmobile.nocache.js</file>
<file>gcmobile/compilation-mappings.txt</file>
<file>gcmobile/gcmobile.devmode.js</file>
<file>GCMobile.html</file>
</files>
</permutation>
