<?xml version="1.0" encoding="UTF-8"?><permutation name="2FFD0FEAD88CE182FAC53204A957217D">
<variables>
<mobile.user.agent>mobilesafari</mobile.user.agent>
<mgwt.os>android</mgwt.os>
<user.agent>safari</user.agent>
</variables>
<files>
<file>gcmobile/clear.cache.gif</file>
<file>logo.png</file>
<file>./</file>
<file>gcmobile/gcmobile.nocache.js</file>
<file>gcmobile/compilation-mappings.txt</file>
<file>gcmobile/gcmobile.devmode.js</file>
<file>gcmobile/2FFD0FEAD88CE182FAC53204A957217D.cache.js</file>
<file>GCMobile.html</file>
</files>
</permutation>
