<?xml version="1.0" encoding="UTF-8"?><permutation name="331D5A5435DDFC9C1297A6B345E716D6">
<variables>
<mgwt.os>blackberry</mgwt.os>
<mobile.user.agent>mobilesafari</mobile.user.agent>
<user.agent>safari</user.agent>
</variables>
<files>
<file>gcmobile/clear.cache.gif</file>
<file>logo.png</file>
<file>gcmobile/331D5A5435DDFC9C1297A6B345E716D6.cache.js</file>
<file>./</file>
<file>gcmobile/gcmobile.nocache.js</file>
<file>gcmobile/compilation-mappings.txt</file>
<file>gcmobile/gcmobile.devmode.js</file>
<file>GCMobile.html</file>
</files>
</permutation>
