<?xml version="1.0" encoding="UTF-8"?><permutation name="401503E47AFE5A32ACA86CC5FA2BBD43">
<variables>
<mgwt.os>android_tablet</mgwt.os>
<user.agent>safari</user.agent>
<mobile.user.agent>not_mobile</mobile.user.agent>
</variables>
<files>
<file>gcmobile/clear.cache.gif</file>
<file>logo.png</file>
<file>gcmobile/401503E47AFE5A32ACA86CC5FA2BBD43.cache.js</file>
<file>./</file>
<file>gcmobile/gcmobile.nocache.js</file>
<file>gcmobile/compilation-mappings.txt</file>
<file>gcmobile/gcmobile.devmode.js</file>
<file>GCMobile.html</file>
</files>
</permutation>
