<?xml version="1.0" encoding="UTF-8"?><permutation name="443E5E042ED430BD0ED668EF797BF2B1">
<variables>
<mobile.user.agent>mobilesafari</mobile.user.agent>
<mgwt.os>iphone</mgwt.os>
<user.agent>safari</user.agent>
</variables>
<files>
<file>gcmobile/clear.cache.gif</file>
<file>gcmobile/443E5E042ED430BD0ED668EF797BF2B1.cache.js</file>
<file>logo.png</file>
<file>./</file>
<file>gcmobile/gcmobile.nocache.js</file>
<file>gcmobile/compilation-mappings.txt</file>
<file>gcmobile/gcmobile.devmode.js</file>
<file>GCMobile.html</file>
</files>
</permutation>
