<?xml version="1.0" encoding="UTF-8"?><permutation name="45B37211ABEAF923023473934122E1DB">
<variables>
<user.agent>safari</user.agent>
<mobile.user.agent>not_mobile</mobile.user.agent>
<mgwt.os>ipad_retina</mgwt.os>
</variables>
<files>
<file>gcmobile/clear.cache.gif</file>
<file>gcmobile/45B37211ABEAF923023473934122E1DB.cache.js</file>
<file>logo.png</file>
<file>./</file>
<file>gcmobile/gcmobile.nocache.js</file>
<file>gcmobile/compilation-mappings.txt</file>
<file>gcmobile/gcmobile.devmode.js</file>
<file>GCMobile.html</file>
</files>
</permutation>
