<?xml version="1.0" encoding="UTF-8"?><permutation name="47373460BC06A682B8108C93ACCE975D">
<variables>
<mgwt.os>desktop</mgwt.os>
<mobile.user.agent>not_mobile</mobile.user.agent>
<user.agent>ie9</user.agent>
</variables>
<files>
<file>gcmobile/clear.cache.gif</file>
<file>logo.png</file>
<file>./</file>
<file>gcmobile/47373460BC06A682B8108C93ACCE975D.cache.js</file>
<file>gcmobile/gcmobile.nocache.js</file>
<file>gcmobile/compilation-mappings.txt</file>
<file>gcmobile/gcmobile.devmode.js</file>
<file>GCMobile.html</file>
</files>
</permutation>
