<?xml version="1.0" encoding="UTF-8"?><permutation name="8EB8EAFD118CE49986D796D7252B695B">
<variables>
<mgwt.os>blackberry</mgwt.os>
<user.agent>safari</user.agent>
<mobile.user.agent>not_mobile</mobile.user.agent>
</variables>
<files>
<file>gcmobile/clear.cache.gif</file>
<file>logo.png</file>
<file>./</file>
<file>gcmobile/gcmobile.nocache.js</file>
<file>gcmobile/8EB8EAFD118CE49986D796D7252B695B.cache.js</file>
<file>gcmobile/compilation-mappings.txt</file>
<file>gcmobile/gcmobile.devmode.js</file>
<file>GCMobile.html</file>
</files>
</permutation>
