<?xml version="1.0" encoding="UTF-8"?><permutation name="9C8E762182A722D4F943621DDDB02B24">
<variables>
<mgwt.os>ipad</mgwt.os>
<user.agent>safari</user.agent>
<mobile.user.agent>not_mobile</mobile.user.agent>
</variables>
<files>
<file>gcmobile/clear.cache.gif</file>
<file>gcmobile/9C8E762182A722D4F943621DDDB02B24.cache.js</file>
<file>logo.png</file>
<file>./</file>
<file>gcmobile/gcmobile.nocache.js</file>
<file>gcmobile/compilation-mappings.txt</file>
<file>gcmobile/gcmobile.devmode.js</file>
<file>GCMobile.html</file>
</files>
</permutation>
