<?xml version="1.0" encoding="UTF-8"?><permutation name="A8812C92A5120EA743A4C289D9F0795E">
<variables>
<mgwt.os>iphone</mgwt.os>
<user.agent>safari</user.agent>
<mobile.user.agent>not_mobile</mobile.user.agent>
</variables>
<files>
<file>gcmobile/clear.cache.gif</file>
<file>logo.png</file>
<file>gcmobile/A8812C92A5120EA743A4C289D9F0795E.cache.js</file>
<file>./</file>
<file>gcmobile/gcmobile.nocache.js</file>
<file>gcmobile/compilation-mappings.txt</file>
<file>gcmobile/gcmobile.devmode.js</file>
<file>GCMobile.html</file>
</files>
</permutation>
