<?xml version="1.0" encoding="UTF-8"?><permutation name="AA30FC5196D78E869A225A6ED64178CF">
<variables>
<mobile.user.agent>mobilesafari</mobile.user.agent>
<mgwt.os>retina</mgwt.os>
<user.agent>safari</user.agent>
</variables>
<files>
<file>gcmobile/clear.cache.gif</file>
<file>logo.png</file>
<file>gcmobile/AA30FC5196D78E869A225A6ED64178CF.cache.js</file>
<file>./</file>
<file>gcmobile/gcmobile.nocache.js</file>
<file>gcmobile/compilation-mappings.txt</file>
<file>gcmobile/gcmobile.devmode.js</file>
<file>GCMobile.html</file>
</files>
</permutation>
