<?xml version="1.0" encoding="UTF-8"?><permutation name="D54BE5BC0C96CC5EDCA0CA64EE24E67F">
<variables>
<mgwt.os>desktop</mgwt.os>
<mobile.user.agent>not_mobile</mobile.user.agent>
<user.agent>opera</user.agent>
</variables>
<files>
<file>gcmobile/clear.cache.gif</file>
<file>gcmobile/D54BE5BC0C96CC5EDCA0CA64EE24E67F.cache.js</file>
<file>logo.png</file>
<file>./</file>
<file>gcmobile/gcmobile.nocache.js</file>
<file>gcmobile/compilation-mappings.txt</file>
<file>gcmobile/gcmobile.devmode.js</file>
<file>GCMobile.html</file>
</files>
</permutation>
