<?xml version="1.0" encoding="UTF-8"?><permutation name="DC5F5A09B97F8A6B2F851CCA6BDCDFCE">
<variables>
<user.agent>gecko1_8</user.agent>
<mgwt.os>desktop</mgwt.os>
<mobile.user.agent>not_mobile</mobile.user.agent>
</variables>
<files>
<file>gcmobile/clear.cache.gif</file>
<file>logo.png</file>
<file>gcmobile/DC5F5A09B97F8A6B2F851CCA6BDCDFCE.cache.js</file>
<file>./</file>
<file>gcmobile/gcmobile.nocache.js</file>
<file>gcmobile/compilation-mappings.txt</file>
<file>gcmobile/gcmobile.devmode.js</file>
<file>GCMobile.html</file>
</files>
</permutation>
