<?xml version="1.0" encoding="UTF-8"?><permutation name="FAA5D945D7759ED176F03B2A54C58A62">
<variables>
<mobile.user.agent>mobilesafari</mobile.user.agent>
<user.agent>safari</user.agent>
<mgwt.os>ipad_retina</mgwt.os>
</variables>
<files>
<file>gcmobile/clear.cache.gif</file>
<file>logo.png</file>
<file>./</file>
<file>gcmobile/FAA5D945D7759ED176F03B2A54C58A62.cache.js</file>
<file>gcmobile/gcmobile.nocache.js</file>
<file>gcmobile/compilation-mappings.txt</file>
<file>gcmobile/gcmobile.devmode.js</file>
<file>GCMobile.html</file>
</files>
</permutation>
